{
  "bins": [
    -900.0,
    -875.0,
    -850.0,
    -825.0,
    -800.0,
    -775.0,
    -750.0,
    -725.0,
    -700.0,
    -675.0,
    -650.0,
    -625.0,
    -600.0,
    -575.0,
    -550.0,
    -525.0,
    -500.0,
    -475.0,
    -450.0,
    -425.0,
    -400.0,
    -375.0,
    -350.0,
    -325.0,
    -300.0,
    -275.0,
    -250.0,
    -225.0,
    -200.0,
    -175.0,
    -150.0,
    -125.0,
    -100.0,
    -75.0,
    -50.0,
    -25.0,
    0.0,
    25.0,
    50.0,
    75.0,
    100.0,
    125.0,
    150.0,
    175.0,
    200.0,
    225.0,
    250.0,
    275.0,
    300.0,
    325.0,
    350.0,
    375.0,
    400.0,
    425.0,
    450.0,
    475.0,
    500.0,
    525.0,
    550.0,
    575.0,
    600.0,
    625.0,
    650.0,
    675.0,
    700.0,
    725.0,
    750.0,
    775.0,
    800.0,
    825.0,
    850.0,
    875.0,
    900.0,
    925.0,
    950.0,
    975.0,
    1000.0,
    1025.0,
    1050.0
  ],
  "heights": [
    [
      0.0,
      0.0,
      0.0,
      0.0,
      0.0,
      0.0,
      0.0,
      0.0,
      0.0,
      0.0,
      0.0,
      0.0,
      0.0,
      0.0,
      0.0,
      0.0,
      0.0,
      0.0,
      0.0,
      0.0,
      0.0,
      0.0,
      0.0,
      0.0,
      0.0,
      0.0,
      0.0,
      0.0,
      0.0,
      0.0,
      0.0,
      0.0,
      0.0,
      0.0,
      0.0,
      0.0,
      0.0,
      0.00059746016891132,
      0.0,
      0.0014039471926621844,
      0.0015807520238942676,
      0.0029676021903629274,
      0.002780065897858319,
      0.007994892544933728,
      0.007666213133676066,
      0.007448069854996326,
      0.006121474972425039,
      0.004267118230256616,
      0.005238303523021035,
      0.0078912613522275,
      0.006447928420243284,
      0.006114897643083303,
      0.005097376641078498,
      0.004891584007626016,
      0.004786499844160471,
      0.0047090212625934096,
      0.005234609847459931,
      0.004707652463006664,
      0.004250602685528551,
      0.003821495858089818,
      0.0032103570261678713,
      0.0022978726350963044,
      0.002644787027234525,
      0.0018549931128981987,
      0.002624552633073908,
      0.0017520191174912494,
      0.0010552802693060833,
      0.0011831082671280365,
      0.001314746738310172,
      0.0006428380604657375,
      0.0002838505721537023,
      0.0002772145482194906,
      0.0003582285295629612,
      0.0003556986670660476,
      5.28741261854935e-05,
      0.0,
      0.0,
      0.0,
      0.0
    ],
    [
      0.0,
      0.0,
      0.0,
      0.0,
      0.0,
      0.0,
      0.0,
      0.0,
      0.0,
      0.0,
      0.0,
      0.0,
      0.0,
      0.0,
      0.0,
      0.0,
      0.0,
      0.0,
      0.0,
      0.0,
      0.0,
      0.0,
      0.0,
      0.0,
      0.0,
      0.0,
      0.0,
      0.0,
      0.0,
      0.0,
      0.0,
      0.0,
      0.0,
      0.0,
      0.0,
      0.0,
      0.0,
      0.01075428304040376,
      0.019290248206332405,
      0.03322675022633837,
      0.03201022848385892,
      0.036353126831945866,
      0.04108319604612849,
      0.034857731495911065,
      0.02974490695866313,
      0.029544010424818752,
      0.02346565406096265,
      0.023125027828487462,
      0.019175932539630573,
      0.01644012781714062,
      0.015620333637772463,
      0.012918797837499937,
      0.010743701535811606,
      0.009783168015252032,
      0.006820762277928671,
      0.005097839531981856,
      0.004874980163283294,
      0.0032953567241046653,
      0.0027943776914122883,
      0.0017496005133423264,
      0.0015577681772544524,
      0.0009024034234993584,
      0.0006111460062932369,
      0.0002488405395351242,
      0.0002584786684087939,
      0.00010414099649423511,
      0.00011351620426798504,
      0.00011091640004325341,
      0.00011007181995154928,
      0.0,
      0.0,
      1.4984570174026517e-05,
      4.2501689948147936e-05,
      5.616294743148121e-05,
      0.00015862237855648079,
      0.0,
      0.0,
      0.0,
      0.0
    ],
    [
      0.0,
      0.0,
      0.0,
      0.0,
      0.0,
      0.0,
      0.0,
      0.0,
      0.0,
      0.0,
      0.0,
      0.0,
      0.0,
      0.0,
      0.0,
      0.0,
      0.0,
      0.0,
      0.0,
      0.0,
      0.0,
      0.0,
      0.0,
      0.0,
      0.0,
      0.0,
      0.0,
      0.0,
      0.0,
      0.0,
      0.0,
      0.0,
      0.0,
      0.0,
      0.0,
      0.0,
      0.0,
      0.040029831317058444,
      0.05590235194488166,
      0.055689905308933314,
      0.058092636878114334,
      0.047852585319602216,
      0.03799423393739704,
      0.03006079596895083,
      0.026371773179845667,
      0.019861519613323532,
      0.018194383945818866,
      0.013902546492126393,
      0.00897994889660749,
      0.004791122963852409,
      0.0039958993026859785,
      0.0027560102053333195,
      0.0015684235818703071,
      0.00126818844642156,
      0.0013162874571441294,
      0.0008208385687089431,
      0.000799177075948081,
      0.0004707652463006664,
      0.00011807229682023754,
      6.138949169622198e-05,
      4.06374307109857e-05,
      0.0,
      0.0,
      0.0,
      0.0,
      0.0,
      0.0,
      0.0,
      0.0,
      0.0,
      0.0,
      0.0,
      0.0,
      0.0,
      0.0,
      0.0,
      0.0,
      0.0,
      0.0
    ],
    [
      0.0,
      0.0,
      0.0,
      0.0,
      0.0,
      0.0,
      0.0,
      0.0,
      0.0,
      0.0,
      0.0,
      0.0,
      0.0,
      0.0,
      0.0,
      0.0,
      0.0,
      0.0,
      0.0,
      0.0,
      0.0,
      0.0,
      0.0,
      0.0,
      0.0,
      0.0,
      0.0,
      0.0,
      0.0,
      0.0,
      0.0,
      0.0,
      0.0,
      0.0,
      0.0,
      0.0,
      0.0,
      0.0025889940652823874,
      0.005905178022346654,
      0.0023399119877703075,
      0.0019759400298678346,
      0.0022257016427721958,
      0.0009266886326194396,
      0.0,
      0.0,
      0.0,
      0.0,
      0.0,
      0.0,
      0.0,
      0.0,
      0.0,
      0.0,
      0.0,
      0.0,
      0.0,
      0.0,
      0.0,
      0.0,
      0.0,
      0.0,
      0.0,
      0.0,
      0.0,
      0.0,
      0.0,
      0.0,
      0.0,
      0.0,
      0.0,
      0.0,
      0.0,
      0.0,
      0.0,
      0.0,
      0.0,
      0.0,
      0.0,
      0.0
    ]
  ]
}