{
  "bins": [
    -900.0,
    -875.0,
    -850.0,
    -825.0,
    -800.0,
    -775.0,
    -750.0,
    -725.0,
    -700.0,
    -675.0,
    -650.0,
    -625.0,
    -600.0,
    -575.0,
    -550.0,
    -525.0,
    -500.0,
    -475.0,
    -450.0,
    -425.0,
    -400.0,
    -375.0,
    -350.0,
    -325.0,
    -300.0,
    -275.0,
    -250.0,
    -225.0,
    -200.0,
    -175.0,
    -150.0,
    -125.0,
    -100.0,
    -75.0,
    -50.0,
    -25.0,
    0.0,
    25.0,
    50.0,
    75.0,
    100.0,
    125.0,
    150.0,
    175.0,
    200.0,
    225.0,
    250.0,
    275.0,
    300.0,
    325.0,
    350.0,
    375.0,
    400.0,
    425.0,
    450.0,
    475.0,
    500.0,
    525.0,
    550.0,
    575.0,
    600.0,
    625.0,
    650.0,
    675.0,
    700.0,
    725.0,
    750.0,
    775.0,
    800.0,
    825.0,
    850.0,
    875.0,
    900.0,
    925.0,
    950.0,
    975.0,
    1000.0,
    1025.0,
    1050.0
  ],
  "heights": [
    [
      0.0,
      0.0,
      0.0,
      0.0,
      0.0,
      0.0,
      0.0,
      0.0,
      0.0,
      0.0,
      0.0,
      0.0,
      0.0,
      0.0,
      0.0,
      0.0,
      0.0,
      0.0,
      0.0,
      0.0,
      0.0,
      0.0,
      0.0,
      0.0,
      0.0,
      0.0,
      0.0,
      0.0,
      0.0,
      0.0,
      0.0,
      0.0,
      0.0,
      0.010791366906474819,
      0.01829268292682927,
      0.024137931034482762,
      0.02214022140221402,
      0.01107011070110701,
      0.0,
      0.01515151515151515,
      0.01687763713080169,
      0.03319502074688797,
      0.0335820895522388,
      0.10964912280701751,
      0.1201923076923077,
      0.1310043668122271,
      0.12811387900355872,
      0.10333333333333333,
      0.1568627450980392,
      0.2709677419354839,
      0.24738675958188155,
      0.28063241106719367,
      0.2927927927927928,
      0.30681818181818177,
      0.3703703703703704,
      0.44308943089430897,
      0.47985347985347987,
      0.5555555555555556,
      0.5934065934065934,
      0.6784741144414168,
      0.6676056338028169,
      0.7180232558139534,
      0.8122977346278317,
      0.8817204301075269,
      0.9103448275862069,
      0.9438943894389439,
      0.9028776978417267,
      0.9142857142857143,
      0.9227467811158798,
      1.0,
      1.0,
      0.9487179487179488,
      0.8939393939393939,
      0.8636363636363635,
      0.24999999999999967,
      0.0,
      0.0,
      1.0,
      1.0
    ],
    [
      0.0,
      0.0,
      0.0,
      0.0,
      0.0,
      0.0,
      0.0,
      0.0,
      0.0,
      0.0,
      0.0,
      0.0,
      0.010526315789473682,
      0.01941747572815534,
      0.02229299363057325,
      0.01846153846153846,
      0.009287925696594427,
      0.0,
      0.0,
      0.010752688172043008,
      0.02173913043478261,
      0.018587360594795543,
      0.029605263157894735,
      0.01736111111111111,
      0.033950617283950615,
      0.05769230769230769,
      0.050595238095238096,
      0.03311258278145695,
      0.019230769230769225,
      0.0,
      0.0,
      0.062256809338521395,
      0.12681159420289856,
      0.17985611510791372,
      0.17378048780487806,
      0.16551724137931031,
      0.13653136531365312,
      0.1992619926199262,
      0.23786407766990292,
      0.3585858585858586,
      0.3417721518987342,
      0.4066390041493776,
      0.49626865671641784,
      0.4780701754385964,
      0.4663461538461538,
      0.519650655021834,
      0.4911032028469751,
      0.5599999999999999,
      0.5742296918767507,
      0.564516129032258,
      0.5993031358885018,
      0.5928853754940712,
      0.6171171171171173,
      0.6136363636363635,
      0.5277777777777778,
      0.4796747967479675,
      0.4468864468864469,
      0.38888888888888895,
      0.39010989010989017,
      0.3106267029972752,
      0.323943661971831,
      0.28197674418604646,
      0.1877022653721683,
      0.11827956989247311,
      0.08965517241379307,
      0.056105610561056105,
      0.09712230215827337,
      0.0857142857142857,
      0.07725321888412016,
      0.0,
      0.0,
      0.05128205128205128,
      0.10606060606060606,
      0.13636363636363638,
      0.7500000000000003,
      0.0,
      0.0,
      0.0,
      0.0
    ],
    [
      0.0,
      0.7999999999999988,
      1.0,
      0.0,
      0.0,
      0.41666666666666663,
      0.30769230769230765,
      0.3676470588235294,
      0.5875000000000001,
      0.536,
      0.36021505376344093,
      0.4085106382978723,
      0.3614035087719299,
      0.4789644012944984,
      0.6114649681528662,
      0.6369230769230769,
      0.5913312693498453,
      0.5647840531561461,
      0.4812286689419795,
      0.5376344086021505,
      0.6521739130434783,
      0.7509293680297398,
      0.8421052631578948,
      0.8125,
      0.7623456790123456,
      0.7307692307692307,
      0.800595238095238,
      0.8642384105960265,
      0.9455128205128205,
      0.9793388429752066,
      0.9959514170040485,
      0.9377431906614786,
      0.8514492753623187,
      0.7805755395683452,
      0.7530487804878049,
      0.7172413793103448,
      0.7453874538745388,
      0.7416974169741698,
      0.6893203883495146,
      0.601010101010101,
      0.6202531645569621,
      0.5352697095435686,
      0.458955223880597,
      0.41228070175438597,
      0.4134615384615385,
      0.34934497816593885,
      0.3807829181494662,
      0.33666666666666667,
      0.26890756302521013,
      0.164516129032258,
      0.15331010452961671,
      0.12648221343873517,
      0.09009009009009009,
      0.07954545454545454,
      0.10185185185185186,
      0.0772357723577236,
      0.07326007326007326,
      0.05555555555555555,
      0.016483516483516487,
      0.010899182561307902,
      0.00845070422535211,
      0.0,
      0.0,
      0.0,
      0.0,
      0.0,
      0.0,
      0.0,
      0.0,
      0.0,
      0.0,
      0.0,
      0.0,
      0.0,
      0.0,
      0.0,
      0.0,
      0.0,
      0.0
    ],
    [
      1.0,
      0.20000000000000126,
      0.0,
      0.0,
      1.0,
      0.5833333333333333,
      0.6923076923076923,
      0.6323529411764707,
      0.4125,
      0.464,
      0.6397849462365591,
      0.5914893617021276,
      0.6280701754385964,
      0.5016181229773463,
      0.3662420382165605,
      0.3446153846153846,
      0.3993808049535604,
      0.43521594684385384,
      0.5187713310580204,
      0.45161290322580644,
      0.32608695652173914,
      0.2304832713754647,
      0.1282894736842105,
      0.17013888888888887,
      0.2037037037037037,
      0.21153846153846154,
      0.1488095238095238,
      0.10264900662251654,
      0.035256410256410256,
      0.020661157024793386,
      0.0040485829959514144,
      0.0,
      0.021739130434782605,
      0.02877697841726619,
      0.0548780487804878,
      0.09310344827586207,
      0.0959409594095941,
      0.04797047970479706,
      0.07281553398058252,
      0.025252525252525252,
      0.021097046413502116,
      0.024896265560165977,
      0.011194029850746266,
      0.0,
      0.0,
      0.0,
      0.0,
      0.0,
      0.0,
      0.0,
      0.0,
      0.0,
      0.0,
      0.0,
      0.0,
      0.0,
      0.0,
      0.0,
      0.0,
      0.0,
      0.0,
      0.0,
      0.0,
      0.0,
      0.0,
      0.0,
      0.0,
      0.0,
      0.0,
      0.0,
      0.0,
      0.0,
      0.0,
      0.0,
      0.0,
      0.0,
      0.0,
      0.0,
      0.0
    ]
  ]
}