{
  "bins": [
    -900.0,
    -875.0,
    -850.0,
    -825.0,
    -800.0,
    -775.0,
    -750.0,
    -725.0,
    -700.0,
    -675.0,
    -650.0,
    -625.0,
    -600.0,
    -575.0,
    -550.0,
    -525.0,
    -500.0,
    -475.0,
    -450.0,
    -425.0,
    -400.0,
    -375.0,
    -350.0,
    -325.0,
    -300.0,
    -275.0,
    -250.0,
    -225.0,
    -200.0,
    -175.0,
    -150.0,
    -125.0,
    -100.0,
    -75.0,
    -50.0,
    -25.0,
    0.0,
    25.0,
    50.0,
    75.0,
    100.0,
    125.0,
    150.0,
    175.0,
    200.0,
    225.0,
    250.0,
    275.0,
    300.0,
    325.0,
    350.0,
    375.0,
    400.0,
    425.0,
    450.0,
    475.0,
    500.0,
    525.0,
    550.0,
    575.0,
    600.0,
    625.0,
    650.0,
    675.0,
    700.0,
    725.0,
    750.0,
    775.0,
    800.0,
    825.0,
    850.0,
    875.0,
    900.0,
    925.0,
    950.0,
    975.0,
    1000.0,
    1025.0,
    1050.0
  ],
  "heights": [
    [
      0.0,
      0.0,
      0.0,
      0.0,
      0.0,
      0.0,
      0.0,
      0.0,
      0.0,
      0.0,
      0.0,
      0.0,
      0.0,
      0.0,
      0.0,
      0.0,
      0.0,
      0.0,
      0.0,
      0.0,
      0.0,
      0.0,
      0.0,
      0.0,
      0.0,
      0.0,
      0.0,
      0.0,
      0.0,
      0.0,
      0.0,
      0.0,
      0.0,
      0.026341056162865955,
      0.03598646977252929,
      0.03602785120015737,
      0.023296799636297043,
      0.008591331662794159,
      0.0,
      0.006729472856847971,
      0.00568270724166239,
      0.008534679293215478,
      0.0066627783785838685,
      0.01642351527253531,
      0.013779784631729892,
      0.01190015887280018,
      0.008802531865752432,
      0.00557819277305303,
      0.006277127366033205,
      0.008728801200423159,
      0.006622831407107914,
      0.005862049217606745,
      0.004581189635357224,
      0.004137634484489123,
      0.0038238167538085614,
      0.0035639251811908006,
      0.0037636207118881392,
      0.0032235664494316353,
      0.002778301408830339,
      0.0023892251897379077,
      0.0019235063274906762,
      0.0013217139454129116,
      0.0014627458873651285,
      0.0009879388522218066,
      0.0013478724076215643,
      0.0008687451049926103,
      0.000505822438748325,
      0.0005488002782874743,
      0.0005908043053094771,
      0.00028011680870923176,
      0.00012005006087538502,
      0.00011389364749716015,
      0.00014308997154843873,
      0.00013823946403832213,
      2.000834347923081e-05,
      0.0,
      0.0,
      0.0,
      0.0
    ],
    [
      0.0,
      0.0,
      0.0,
      0.0,
      0.0,
      0.0,
      0.0,
      0.0,
      0.0,
      0.0,
      0.0,
      0.0,
      0.0003074966471544949,
      0.0008182052692671873,
      0.0014764118420820976,
      0.0017361085726594143,
      0.0012317210580217522,
      0.0,
      0.0,
      0.004253386565423587,
      0.01195368033687439,
      0.014083196112853412,
      0.030140068408526354,
      0.023623045254315488,
      0.058840585907039285,
      0.12257342080878493,
      0.12580186413925082,
      0.09484749842671146,
      0.0593185820025412,
      0.0,
      0.0,
      0.19592169934862838,
      0.3617820225236822,
      0.43901760271443274,
      0.34187146283902825,
      0.24704812251536473,
      0.14366359775716508,
      0.15464396993029486,
      0.1386945346500753,
      0.159264190945402,
      0.1150748216436634,
      0.10454982134188961,
      0.09846105826129495,
      0.07160652658825396,
      0.053465564371111975,
      0.04720396352877403,
      0.03374303881871765,
      0.030230205995900285,
      0.022978769822085836,
      0.018185002500881578,
      0.016044042282007905,
      0.012384611023112843,
      0.00965573815452215,
      0.008275268968978245,
      0.0054489388741772,
      0.003858194232848756,
      0.0035050513500026947,
      0.002256496514602145,
      0.0018264759261755008,
      0.001093862135060729,
      0.0009333469521579231,
      0.0005190536546763255,
      0.00033800502576564727,
      0.0001325283826151204,
      0.00013274500984151766,
      5.163869505200831e-05,
      5.441117867013854e-05,
      5.145002608945072e-05,
      4.9462686025909706e-05,
      0.0,
      0.0,
      6.156413378224873e-06,
      1.6976776285407986e-05,
      2.1827283795524556e-05,
      6.002503043769254e-05,
      0.0,
      0.0,
      0.0,
      0.0
    ],
    [
      0.0,
      0.00025610679653415437,
      0.000760317052210772,
      0.0,
      0.0,
      0.0009170490761314135,
      0.0008988363532208315,
      0.0015741858472630146,
      0.0037380587705073023,
      0.005126297666126776,
      0.0050739437915503244,
      0.009023677767245962,
      0.010557384885637663,
      0.020182396641923953,
      0.04049586766853753,
      0.0598957457567498,
      0.07841957402738489,
      0.10665311222155052,
      0.13314412178137672,
      0.21266932827117938,
      0.3586104101062317,
      0.5689611229592777,
      0.857317501398083,
      1.1055585179019651,
      1.3212386108217002,
      1.5525966635779425,
      1.990629497262263,
      2.4755197089371697,
      2.9164969484582763,
      3.1712855665771307,
      3.249750287570321,
      2.951070596438715,
      2.4291078655161513,
      1.9053363957806373,
      1.481443005635789,
      1.0705418642332474,
      0.7843255877553338,
      0.5756192214072087,
      0.4019311004145039,
      0.26693575665496955,
      0.20883949113109282,
      0.1376217036030996,
      0.09105797117397955,
      0.06175241742473279,
      0.04740245913315083,
      0.031733756994133805,
      0.026163080823208614,
      0.018174111938011484,
      0.010760789770342638,
      0.005299629300256916,
      0.004104289886095045,
      0.0026420503515974065,
      0.0014095968108791457,
      0.001072720051534217,
      0.0010515496072973545,
      0.0006212346646112405,
      0.0005745985819676549,
      0.0003223566449431635,
      7.71750391341761e-05,
      3.838112754599049e-05,
      2.434818136064146e-05,
      0.0,
      0.0,
      0.0,
      0.0,
      0.0,
      0.0,
      0.0,
      0.0,
      0.0,
      0.0,
      0.0,
      0.0,
      0.0,
      0.0,
      0.0,
      0.0,
      0.0,
      0.0
    ],
    [
      0.0004802002435015401,
      6.402669913353909e-05,
      0.0,
      0.0,
      0.0017607342261723139,
      0.001283868706583979,
      0.002022381794746871,
      0.0027075996572923857,
      0.002624594455888105,
      0.004437690516945567,
      0.009011930017828186,
      0.013065533433824881,
      0.018347299946884867,
      0.021136969456069007,
      0.02425533740563446,
      0.032407360022975736,
      0.052964005494935344,
      0.08218563353543012,
      0.14353125184942736,
      0.17864223574779067,
      0.17930520505311584,
      0.1746316317993823,
      0.1306069631036142,
      0.2315058434922918,
      0.3530435154422357,
      0.4494358762988781,
      0.37000548276250245,
      0.29402724512280554,
      0.10875073367132557,
      0.06690475878854706,
      0.013210367022643573,
      0.0,
      0.06201977528977408,
      0.07024281643430923,
      0.10795940931758785,
      0.1389645689148927,
      0.10095279842395385,
      0.03722910387210803,
      0.042457510607165905,
      0.01121578809474662,
      0.0071033840520779885,
      0.00640100946991161,
      0.0022209261261946227,
      0.0,
      0.0,
      0.0,
      0.0,
      0.0,
      0.0,
      0.0,
      0.0,
      0.0,
      0.0,
      0.0,
      0.0,
      0.0,
      0.0,
      0.0,
      0.0,
      0.0,
      0.0,
      0.0,
      0.0,
      0.0,
      0.0,
      0.0,
      0.0,
      0.0,
      0.0,
      0.0,
      0.0,
      0.0,
      0.0,
      0.0,
      0.0,
      0.0,
      0.0,
      0.0,
      0.0
    ]
  ]
}